{
  "units": "mm",
  "marker_length_mm": 50.0,
  "aruco_dict_id": 0,
  "page": {
    "w_mm": 210.0,
    "h_mm": 297.0,
    "dpi": 300
  },
  "markers": {
    "0": {
      "x_mm": 48.93733333333333,
      "y_mm": 36.406666666666666,
      "rotation_deg": 0.0
    },
    "1": {
      "x_mm": 110.998,
      "y_mm": 36.406666666666666,
      "rotation_deg": 0.0
    },
    "2": {
      "x_mm": 48.93733333333333,
      "y_mm": 98.46733333333333,
      "rotation_deg": 0.0
    },
    "3": {
      "x_mm": 110.998,
      "y_mm": 98.46733333333333,
      "rotation_deg": 0.0
    },
    "4": {
      "x_mm": 48.93733333333333,
      "y_mm": 160.528,
      "rotation_deg": 0.0
    },
    "5": {
      "x_mm": 110.998,
      "y_mm": 160.528,
      "rotation_deg": 0.0
    },
    "6": {
      "x_mm": 48.93733333333333,
      "y_mm": 222.58866666666663,
      "rotation_deg": 0.0
    },
    "7": {
      "x_mm": 110.998,
      "y_mm": 222.58866666666663,
      "rotation_deg": 0.0
    }
  }
}